Workbook

Sheet dataset
A1: date | B1: H | C1: D | D1: N | E1: Pesci_Index | F1: AI_Index | G1: Differenza(AI-Pesci)
A2: 2022-02-03 | B2: 20 | C2: 21 | D2: 0 | E2: -0.024390244 | F2: 0.4 | G2: =F2 -E2 -> 0.42439024
A3: 2022-03-10 | B3: 24 | C3: 25 | D3: 1 | E3: -0.02 | F3: 0.5 | G3: =F3 -E3 -> 0.52
A4: 2022-04-14 | B4: 26 | C4: 18 | D4: 0 | E4: 0.18181818 | F4: 0.6 | G4: =F4 -E4 -> 0.41818182
A5: 2022-06-9 | B5: 29 | C5: 16 | D5: 0 | E5: 0.28888889 | F5: 0.9 | G5: =F5 -E5 -> 0.61111111
A6: 2022-07-21 | B6: 24 | C6: 10 | D6: 0 | E6: 0.41176471 | F6: 1 | G6: =F6 -E6 -> 0.58823529
A7: 2022-09-8 | B7: 28 | C7: 15 | D7: 0 | E7: 0.30232558 | F7: 1 | G7: =F7 -E7 -> 0.69767442
A8: 2022-10-27 | B8: 33 | C8: 23 | D8: 0 | E8: 0.17857143 | F8: 1 | G8: =F8 -E8 -> 0.82142857
A9: 2022-12-15 | B9: 34 | C9: 20 | D9: 0 | E9: 0.25925926 | F9: 1 | G9: =F9 -E9 -> 0.74074074
A10: 2023-02-2 | B10: 29 | C10: 19 | D10: 0 | E10: 0.20833333 | F10: 1 | G10: =F10 -E10 -> 0.79166667
A11: 2023-03-16 | B11: 23 | C11: 16 | D11: 0 | E11: 0.17948718 | F11: 0.9 | G11: =F11 -E11 -> 0.72051282
A12: 2023-05-4 | B12: 23 | C12: 15 | D12: 0 | E12: 0.21052632 | F12: 0.8 | G12: =F12 -E12 -> 0.58947368
A13: 2023-06-15 | B13: 29 | C13: 20 | D13: 0 | E13: 0.18367347 | F13: 0.8 | G13: =F13 -E13 -> 0.61632653
... A25: 2024-12-12 | B25: 27 | C25: 22 | D25: 0 | E25: 0.10204082 | F25: -0.7 | G25: =F25 -E25 -> -0.80204082

Sheet analisi
A1: statistica | B1: Pesci_Index | C1: AI_Index
A2: N. osservazioni | B2: =COUNT(dataset!E2:E25) -> 24 | C2: =COUNT(dataset!F2:F25) -> 24
A3: Media | B3: =AVERAGE(dataset!E2:E25) -> 0.1303238 | C3: =AVERAGE(dataset!F2:F25) -> 0.42083333
A4: Deviazione Standard | B4: =_xlfn.STDEV.S(dataset!E2:E25) -> 0.13387446 | C4: =_xlfn.STDEV.S(dataset!F2:F25) -> 0.55636957
A5: Minimo | B5: =MIN(dataset!E2:E25) -> -0.1 | C5: =MIN(dataset!F2:F25) -> -0.7
A6: Massimo | B6: =MAX(dataset!E2:E25) -> 0.41176471 | C6: =MAX(dataset!F2:F25) -> 1
A9: Correlazione
A10: =CORREL(dataset!E2:E25,dataset!F2:F25) -> 0.41973502

Sheet grafici
A1: date | B1: Pesci_Index | C1: AI_Index
A2: 2022-02-03 | B2: -0.024390244 | C2: 0.4
A3: 2022-03-10 | B3: -0.02 | C3: 0.5
A4: 2022-04-14 | B4: 0.18181818 | C4: 0.6
A5: 2022-06-9 | B5: 0.28888889 | C5: 0.9
A6: 2022-07-21 | B6: 0.41176471 | C6: 1
A7: 2022-09-8 | B7: 0.30232558 | C7: 1
A8: 2022-10-27 | B8: 0.17857143 | C8: 1
A9: 2022-12-15 | B9: 0.25925926 | C9: 1
A10: 2023-02-2 | B10: 0.20833333 | C10: 1
A11: 2023-03-16 | B11: 0.17948718 | C11: 0.9
A12: 2023-05-4 | B12: 0.21052632 | C12: 0.8
A13: 2023-06-15 | B13: 0.18367347 | C13: 0.8
... A25: 2024-12-12 | B25: 0.10204082 | C25: -0.7
